{"cameraMode":{"drawMode":0,"name":"Shaded","section":"Shading Mode"},"sceneLighting":false,"audioPlay":false,"sceneViewState":{"showFog":true,"showMaterialUpdate":false,"showSkybox":false,"showFlares":true,"showImageEffects":true,"showParticleSystems":true},"in2DMode":false,"pivot":{"x":6.699999809265137,"y":0.3550764322280884,"z":2.322089195251465},"rotation":{"x":0.08140843361616135,"y":0.743938148021698,"z":-0.09220165759325028,"w":0.6568412780761719},"size":1.1135598421096802,"orthographic":false}