{"cameraMode":{"drawMode":0,"name":"Shaded","section":"Shading Mode"},"sceneLighting":false,"audioPlay":false,"sceneViewState":{"showFog":true,"showMaterialUpdate":false,"showSkybox":false,"showFlares":true,"showImageEffects":true,"showParticleSystems":true},"in2DMode":false,"pivot":{"x":0.0,"y":0.44602343440055849,"z":-0.08728200197219849},"rotation":{"x":-0.0014721255283802748,"y":-0.9954168200492859,"z":0.09434794634580612,"w":-0.015531656332314015},"size":1.3987797498703004,"orthographic":false}