{"cameraMode":{"drawMode":0,"name":"Shaded","section":"Shading Mode"},"sceneLighting":false,"audioPlay":false,"sceneViewState":{"showFog":true,"showMaterialUpdate":true,"showSkybox":false,"showFlares":true,"showImageEffects":true,"showParticleSystems":true},"in2DMode":false,"pivot":{"x":31.251392364501954,"y":0.5274530053138733,"z":65.58109283447266},"rotation":{"x":-0.06658494472503662,"y":-0.6917280554771423,"z":-0.06429342925548554,"w":0.7162151336669922},"size":0.5913328528404236,"orthographic":false}