{"cameraMode":{"drawMode":0,"name":"Shaded","section":"Shading Mode"},"sceneLighting":false,"audioPlay":false,"sceneViewState":{"showFog":true,"showMaterialUpdate":true,"showSkybox":false,"showFlares":true,"showImageEffects":true,"showParticleSystems":true},"in2DMode":false,"pivot":{"x":1.7372286319732667,"y":0.5381683707237244,"z":-0.8350059986114502},"rotation":{"x":0.03737916797399521,"y":0.953565239906311,"z":-0.13331878185272218,"w":0.2675896883010864},"size":1.82818603515625,"orthographic":false}