{"cameraMode":{"drawMode":0,"name":"Shaded","section":"Shading Mode"},"sceneLighting":false,"audioPlay":false,"sceneViewState":{"showFog":true,"showMaterialUpdate":true,"showSkybox":false,"showFlares":true,"showImageEffects":true,"showParticleSystems":true},"in2DMode":false,"pivot":{"x":634.6959228515625,"y":-165.11923217773438,"z":417.6643981933594},"rotation":{"x":-0.07989108562469483,"y":-0.8884509205818176,"z":0.1693924367427826,"w":-0.41903063654899599},"size":10.0,"orthographic":false}