{"cameraMode":{"drawMode":0,"name":"Shaded","section":"Shading Mode"},"sceneLighting":false,"audioPlay":false,"sceneViewState":{"showFog":true,"showMaterialUpdate":false,"showSkybox":false,"showFlares":true,"showImageEffects":true,"showParticleSystems":true},"in2DMode":false,"pivot":{"x":-0.09742259979248047,"y":-0.16277450323104859,"z":1.8600893020629883},"rotation":{"x":0.08140843361616135,"y":0.743938148021698,"z":-0.09220165759325028,"w":0.6568412780761719},"size":1.1135597229003907,"orthographic":false}