{"cameraMode":{"drawMode":0,"name":"Shaded","section":"Shading Mode"},"sceneLighting":true,"audioPlay":false,"sceneViewState":{"showFog":true,"showMaterialUpdate":false,"showSkybox":true,"showFlares":true,"showImageEffects":true,"showParticleSystems":true},"in2DMode":false,"pivot":{"x":9.849688529968262,"y":3.350870132446289,"z":10.34774112701416},"rotation":{"x":0.21499061584472657,"y":0.6950181722640991,"z":-0.23133206367492677,"w":0.6459216475486755},"size":14.2210054397583,"orthographic":false}