{"cameraMode":{"drawMode":0,"name":"Shaded","section":"Shading Mode"},"sceneLighting":true,"audioPlay":false,"sceneViewState":{"showFog":true,"showMaterialUpdate":false,"showSkybox":true,"showFlares":true,"showImageEffects":true,"showParticleSystems":true},"in2DMode":false,"pivot":{"x":23.8370361328125,"y":2.509999990463257,"z":8.781963348388672},"rotation":{"x":-0.03170816972851753,"y":-0.9679247140884399,"z":0.16206638514995576,"w":-0.18936888873577119},"size":10.0,"orthographic":false}