{"cameraMode":{"drawMode":0,"name":"Shaded","section":"Shading Mode"},"sceneLighting":false,"audioPlay":false,"sceneViewState":{"showFog":true,"showMaterialUpdate":false,"showSkybox":false,"showFlares":true,"showImageEffects":true,"showParticleSystems":true},"in2DMode":false,"pivot":{"x":1.3001792430877686,"y":1.473441243171692,"z":0.8917951583862305},"rotation":{"x":-0.0015809428878128529,"y":-0.9980056285858154,"z":0.027849672362208368,"w":-0.05665144324302673},"size":7.099822998046875,"orthographic":false}